"year","prdisflg_1","prdisflg_2"
2017,0.622799028536733,0.821733134756468
2019,0.656345750685373,0.841431529133392
2021,0.71558887283237,0.84811442010556
2023,0.76320376503399,0.871772527302627
