"year","prdisflg_1","prdisflg_2"
2017,0.561323618700668,0.766506701969221
2019,0.593775197548782,0.78832298136646
2021,0.664197976878613,0.797084803237892
2023,0.714049154610424,0.826204899714675
